hidden_size,learning_rate,dropout,rmse,training_time,bootstrap_series,s_score,mape,r2
224.0,0.0075294956296533,0.5,14.86708636247419,397.67185258865356,1.0,1247.5055039255212,24.293452902697908,0.8715095520019531
224.0,0.0075294956296533,0.4,17.526946613020566,389.608136177063,2.0,2066.121388607268,29.338251452883924,0.8214204907417297
224.0,0.0075294956296533,0.3,16.43348563489574,381.6232922077179,3.0,2679.1009315050765,24.240784005975474,0.8430076837539673
224.0,0.0075294956296533,0.2,19.270119269507315,364.03295278549194,4.0,3851.198421435381,35.582248888658164,0.784132182598114
224.0,0.0044111853261593,0.5,12.775879620887851,349.18502593040466,5.0,746.5534246792054,17.944651177072718,0.9051142930984497
224.0,0.0044111853261593,0.4,13.26049737045344,456.01714301109314,6.0,847.3653809405419,20.61191541109177,0.8977793455123901
224.0,0.0044111853261593,0.3,15.41332988335225,462.03443574905396,7.0,1350.3467622229377,21.246150465291997,0.8618941307067871
224.0,0.0044111853261593,0.2,12.680914061179308,447.31312918663025,8.0,789.6102021942766,18.956033275200358,0.9065196514129639
224.0,0.0036328834443756,0.5,25.16786582410019,412.87770795822144,9.0,17799.40697779199,23.535437558882936,0.6317762136459351
224.0,0.0036328834443756,0.4,31.369224841885885,392.6964430809021,10.0,149491.17245338505,23.726195423637698,0.427959680557251
224.0,0.0036328834443756,0.3,14.445678834185031,378.22641611099243,11.0,6062.018897259052,18.757742086931092,0.8786904811859131
224.0,0.0036328834443756,0.2,24.056709402747426,357.903272151947,12.0,22946.81109405044,23.462638809755816,0.6635724306106567
224.0,0.0031904191649447,0.5,18.364160062444057,341.6016402244568,13.0,3063.6343022425417,22.099786767827684,0.8039525151252747
224.0,0.0031904191649447,0.4,25.174903391468977,338.12156653404236,14.0,21261.57690046216,21.4021132415913,0.6315702199935913
224.0,0.0031904191649447,0.3,14.423167815243291,335.8907399177551,15.0,1151.8152125578165,18.96891301052843,0.8790682554244995
224.0,0.0031904191649447,0.2,19.452155443915768,330.435439825058,16.0,6370.174448461494,21.451857692674935,0.7800345420837402
224.0,0.0028687567048687,0.5,13.955063186583054,341.42708563804626,17.0,919.9030914066103,19.687753111898708,0.8867905139923096
224.0,0.0028687567048687,0.4,23.36588508356579,343.62399673461914,18.0,14908.227768359095,20.876652059022785,0.6826170682907104
224.0,0.0028687567048687,0.3,13.594297235511167,341.59564328193665,19.0,878.535437808014,19.835799004650855,0.8925682902336121
224.0,0.0028687567048687,0.2,21.01677447536162,334.5122323036194,20.0,6572.547846133782,20.55022331011554,0.7432259321212769
224.0,0.0019272351084523,0.5,24.007660154889482,327.69014525413513,21.0,222488.47251874392,20.95478556329339,0.6649429798126221
224.0,0.0019272351084523,0.4,22.304709936243928,328.4894161224365,22.0,10078.923664879805,21.81847483612112,0.710790753364563
224.0,0.0019272351084523,0.3,16.352846264422865,327.4083790779114,23.0,1657.1365484229018,18.692236411948375,0.8445445895195007
224.0,0.0019272351084523,0.2,14.375051584550851,326.6775562763214,24.0,953.875935635311,16.94073906135162,0.8798737525939941
224.0,0.0012574139913228,0.5,13.551648234201204,327.49944853782654,25.0,882.7607212174715,19.459093083246195,0.893241286277771
224.0,0.0012574139913228,0.4,22.945934045092475,329.4033796787262,26.0,11007.881385640314,21.09177821054075,0.6939231157302856
224.0,0.0012574139913228,0.3,12.725936678515492,329.9814703464508,27.0,814.9663757967669,18.2179964016995,0.9058547019958496
224.0,0.0012574139913228,0.2,13.89392243404554,299.98392605781555,28.0,1509.5505877348348,17.91328575610463,0.8877803683280945
224.0,0.0009439185187258,0.5,23.725728860208065,290.8132812976837,29.0,11970.269190981244,23.30347553894414,0.6727662086486816
224.0,0.0009439185187258,0.4,24.412358987575892,289.813271522522,30.0,14532.340876094626,21.980340462554615,0.6535515785217285
224.0,0.0009439185187258,0.3,22.47333625706903,288.9068694114685,31.0,7963.926922388432,21.92570643233536,0.7064012289047241
224.0,0.0009439185187258,0.2,20.530896971259775,292.98603558540344,32.0,4846.657407204962,21.39147140589449,0.7549611330032349
224.0,0.0008350565386705,0.5,13.982385077123023,291.56539964675903,33.0,847.7105039020353,19.398630836869994,0.8863468170166016
224.0,0.0008350565386705,0.4,20.534914149057567,285.54175448417664,34.0,4355.108334399558,22.65818790298269,0.7548652291297913
224.0,0.0008350565386705,0.3,16.0390448079634,292.097811460495,35.0,1836.4808946095372,19.659996601908926,0.8504535555839539
224.0,0.0008350565386705,0.2,19.120058269227297,289.16120648384094,36.0,5042.802382718167,20.415680844229534,0.7874811291694641
224.0,0.0006528345899777,0.5,20.71804581889023,294.54504108428955,37.0,4825.001345005293,21.52535100789273,0.7504734992980957
224.0,0.0006528345899777,0.4,17.829111855553176,295.1154546737671,38.0,2991.267895185284,21.018802039703377,0.8152099847793579
224.0,0.0006528345899777,0.3,21.729971045042326,287.8097643852234,39.0,6230.150289941863,22.27588601188036,0.7255030870437622
224.0,0.0006528345899777,0.2,17.298781388781215,296.6282591819763,40.0,2191.572408814601,20.286899840926935,0.8260396718978882
224.0,0.0005136917971808,0.5,20.377203591516647,304.01561093330383,41.0,4641.848286879682,22.772103973613632,0.7586161494255066
224.0,0.0005136917971808,0.4,22.732786248580563,309.72231435775757,42.0,6848.493702015105,22.776101334669264,0.6995830535888672
224.0,0.0005136917971808,0.3,26.311336519639838,310.1787700653076,43.0,16061.874763892856,24.91193927943255,0.597556471824646
224.0,0.0005136917971808,0.2,24.904427677389865,309.6497130393982,44.0,18676.40730851638,23.17000037163546,0.6394444108009338
224.0,0.0004199950750038,0.5,38.17391073754586,307.3852627277374,45.0,15943696.064377524,26.343619939913488,0.15286540985107422
224.0,0.0004199950750038,0.4,28.237521501014033,307.04739022254944,46.0,511878.6188173311,21.627381939899614,0.5364760160446167
224.0,0.0004199950750038,0.3,34.64337904772802,305.7932827472687,47.0,2618170.9914889047,25.446513947515868,0.3023146390914917
224.0,0.0004199950750038,0.2,43.4370702338807,313.71287202835083,48.0,18864247.129819702,28.370727833424823,-0.0968320369720459
224.0,0.0003961709752902,0.5,12.992304507746418,313.4120240211487,49.0,815.1314436202013,18.237619313408477,0.9018723368644714
224.0,0.0003961709752902,0.4,20.067765534507945,315.9553735256195,50.0,6667.9375972673115,21.249045876080483,0.7658915519714355
224.0,0.0003961709752902,0.3,43.8257737409625,313.9463858604431,51.0,10346474.054581525,28.639019358148527,-0.11655020713806152
224.0,0.0003961709752902,0.2,23.295080163874157,294.24380898475647,52.0,9195.186541934043,23.852324792462937,0.6845376491546631
160.0,0.0075294956296533,0.5,13.997206933439655,218.20768547058105,53.0,889.7962078858304,22.47729302934607,0.8861057162284851
160.0,0.0075294956296533,0.4,15.395332066222867,216.6080777645111,54.0,1623.1382163622043,25.68210370028947,0.8622164726257324
160.0,0.0075294956296533,0.3,16.794596239094712,218.65378499031067,55.0,4257.468129634693,21.950199101001626,0.8360323309898376
160.0,0.0075294956296533,0.2,15.94864950185524,218.25588154792786,56.0,1905.669078936801,28.49335814949589,0.8521344661712646
160.0,0.0044111853261593,0.5,23.693092324270033,280.5409982204437,57.0,15963.265021520641,24.096550312339826,0.6736657619476318
160.0,0.0044111853261593,0.4,15.249146777285551,270.4092483520508,58.0,1889.613720120616,23.51892599058865,0.8648207187652588
160.0,0.0044111853261593,0.3,22.880875078119825,266.2763478755951,59.0,8351.587737678643,23.644144012249622,0.6956562995910645
160.0,0.0044111853261593,0.2,15.76586473953204,262.45145058631897,60.0,1989.4291275715345,20.75363551860158,0.8555043935775757
160.0,0.0036328834443756,0.5,12.878217509471801,262.32365107536316,61.0,823.9651482938248,20.815301326128107,0.9035881161689758
160.0,0.0036328834443756,0.4,13.865648479378416,258.3529255390167,62.0,1082.8633791570073,19.395234776126365,0.8882366418838501
160.0,0.0036328834443756,0.3,18.94542363530602,256.0906512737274,63.0,7011.596041215657,19.67432431673995,0.7913455367088318
160.0,0.0036328834443756,0.2,14.103708174712699,253.82954812049866,64.0,1023.8006976605429,18.23908493083961,0.884365975856781
160.0,0.0031904191649447,0.5,12.93872537708642,248.6245527267456,65.0,868.1044794803795,21.363382268225532,0.902679979801178
160.0,0.0031904191649447,0.4,25.79920300502992,257.36718010902405,66.0,19700.258153813083,20.981580360230076,0.6130706667900085
160.0,0.0031904191649447,0.3,23.967028836977033,259.98017144203186,67.0,7579.90670086305,25.358583765615723,0.666076123714447
160.0,0.0031904191649447,0.2,12.642816014020324,258.6051697731018,68.0,793.2573822449033,18.767357297706212,0.9070805311203003
160.0,0.0028687567048687,0.5,13.083065787059683,253.7969410419464,69.0,790.7034333437437,22.2029238601671,0.9004965424537659
160.0,0.0028687567048687,0.4,13.305910742833793,253.32395315170288,70.0,964.4376381127964,18.403954535786113,0.8970779776573181
160.0,0.0028687567048687,0.3,12.976387963674656,251.73029804229736,71.0,824.6310585198347,16.82629360920566,0.902112603187561
160.0,0.0028687567048687,0.2,16.71494082342426,246.396710395813,72.0,4382.288956519571,18.314768287636927,0.8375840187072754
160.0,0.0019272351084523,0.5,21.947703084947854,244.30930399894714,73.0,8522.331819461588,21.37334932180008,0.7199747562408447
160.0,0.0019272351084523,0.4,12.328553649432738,239.54565954208374,74.0,696.3831310057765,16.990782043505458,0.9116424918174744
160.0,0.0019272351084523,0.3,25.730710362902546,238.77802681922913,75.0,22340.46944840424,21.310714163803702,0.6151224374771118
160.0,0.0019272351084523,0.2,12.962895294404069,239.50967288017273,76.0,888.3766220728326,18.06620392839057,0.9023160934448242
160.0,0.0012574139913228,0.5,19.951398571309056,253.32538843154907,77.0,4284.270697998312,21.503742483465846,0.7685986757278442
160.0,0.0012574139913228,0.4,23.873656507573244,238.3623752593994,78.0,10173.896337336833,21.155711456618302,0.6686729192733765
160.0,0.0012574139913228,0.3,23.132301109908862,234.53661060333252,79.0,10194.085021947165,22.32299136848614,0.6889309883117676
160.0,0.0012574139913228,0.2,18.294940849881513,232.53089213371277,80.0,2892.4858022015596,20.007474844026998,0.8054276704788208
160.0,0.0009439185187258,0.5,17.600201698413763,218.83470606803894,81.0,2056.199492580196,20.905816612525022,0.8199245929718018
160.0,0.0009439185187258,0.4,17.875388891370324,221.00599074363708,82.0,3454.2816396051694,19.859833197565298,0.8142494559288025
160.0,0.0009439185187258,0.3,17.321262269135524,223.2462100982666,83.0,2082.4361603308353,19.36020894699754,0.825587272644043
160.0,0.0009439185187258,0.2,17.700035798758122,226.29513931274414,84.0,3169.423714280163,20.104563548185393,0.8178759217262268
160.0,0.0008350565386705,0.5,18.162248621518003,226.67951774597168,85.0,3134.9673419794567,19.00811002806585,0.8082398772239685
160.0,0.0008350565386705,0.4,18.21512632120395,219.0649824142456,86.0,2700.397241679547,20.69607524684094,0.8071216344833374
160.0,0.0008350565386705,0.3,16.344354669764183,220.5712320804596,87.0,2321.492452223431,20.847748294066875,0.8447059988975525
160.0,0.0008350565386705,0.2,15.630224186820062,219.37096643447876,88.0,1557.9743640637853,19.85016363511901,0.8579800128936768
160.0,0.0006528345899777,0.5,22.786292497339836,217.8577811717987,89.0,7263.917885437706,22.04393988581399,0.6981672048568726
160.0,0.0006528345899777,0.4,18.943972008582282,217.9457769393921,90.0,2456.2680634732696,23.46186579953022,0.7913774847984314
160.0,0.0006528345899777,0.3,14.139572764157604,219.2170124053955,91.0,1196.5048227782722,19.539032350790496,0.8837771415710449
160.0,0.0006528345899777,0.2,20.79289822263984,218.58094692230225,92.0,4919.512204650784,21.724171181411165,0.7486672401428223
160.0,0.0005136917971808,0.5,16.14708095349922,217.4908926486969,93.0,1717.0984982668508,22.858549056070597,0.8484321236610413
160.0,0.0005136917971808,0.4,14.344831816909378,218.8390407562256,94.0,1254.2206336271552,19.841365254236244,0.8803783059120178
160.0,0.0005136917971808,0.3,19.026871995179945,217.22322988510132,95.0,3107.2479431728616,22.11384339656749,0.7895475625991821
160.0,0.0005136917971808,0.2,12.956861375716983,218.9272701740265,96.0,824.1066866132146,17.721829624415005,0.9024069905281067
160.0,0.0004199950750038,0.5,15.001727065201926,228.30301785469055,97.0,1478.9012061992703,20.964779200858853,0.8691717386245728
160.0,0.0004199950750038,0.4,14.963599795261938,230.50897431373596,98.0,1451.2031984814985,20.473687483016736,0.8698358535766602
160.0,0.0004199950750038,0.3,14.21632988202278,230.2581865787506,99.0,1370.7333042424714,19.96422907190423,0.8825118541717529
160.0,0.0004199950750038,0.2,14.0762222726675,231.70269799232483,100.0,1287.8500990219636,20.720284515903348,0.8848162293434143
160.0,0.0003961709752902,0.5,14.400734981914438,233.3486683368683,101.0,1321.2053127582326,21.689048109386448,0.8794441223144531
160.0,0.0003961709752902,0.4,13.779205165389806,231.77719616889954,102.0,1080.542537380428,21.212168965411475,0.8896258473396301
160.0,0.0003961709752902,0.3,23.22132133777598,233.35665941238403,103.0,7832.1504473372415,25.109848503854593,0.686532199382782
160.0,0.0003961709752902,0.2,15.960884953459582,232.03103971481323,104.0,2061.5849666998324,19.708547119937517,0.85190749168396
128.0,0.0075294956296533,0.5,13.318790091968165,177.80791306495667,105.0,899.2861012255839,19.34360091738302,0.8968786001205444
128.0,0.0075294956296533,0.4,16.642334205023726,176.03503131866455,106.0,3221.7273873794993,20.089928526664334,0.8389919400215149
128.0,0.0075294956296533,0.3,29.22915605589202,176.91739463806152,107.0,91430.62691341575,23.467037554312302,0.5033485889434814
128.0,0.0075294956296533,0.2,12.609218618475735,182.93461298942566,108.0,784.2885716435982,18.320176679630666,0.9075737595558167
128.0,0.0044111853261593,0.5,23.57827994888632,175.68938970565796,109.0,11466.012777196007,25.307235569524988,0.6768208742141724
128.0,0.0044111853261593,0.4,24.294480588543813,177.30107641220093,110.0,11052.455182171469,24.75707723540714,0.6568892598152161
128.0,0.0044111853261593,0.3,19.83281566113317,176.2846200466156,111.0,5755.345772212687,21.17353232214946,0.7713412046432495
128.0,0.0044111853261593,0.2,20.701852850687843,175.71226453781128,112.0,4312.4129351175425,20.522338254902664,0.7508634328842163
128.0,0.0036328834443756,0.5,13.539328011801217,175.4276692867279,113.0,1223.465907822852,18.906828111019543,0.8934352993965149
128.0,0.0036328834443756,0.4,12.82234983487675,176.34033012390137,114.0,812.5949143026564,20.313536452612016,0.9044228196144104
128.0,0.0036328834443756,0.3,21.184344099444967,170.85986495018005,115.0,5034.396139792136,22.921148453843383,0.7391149997711182
128.0,0.0036328834443756,0.2,15.987937923296027,234.37439632415771,116.0,1515.3788200030754,17.896945797286474,0.8514050841331482
128.0,0.0031904191649447,0.5,22.971127529485173,229.875718832016,117.0,10980.826280179353,21.86025670556612,0.6932505965232849
128.0,0.0031904191649447,0.4,15.185896850483301,225.2953338623047,118.0,1361.996821483007,20.74705891061643,0.865939736366272
128.0,0.0031904191649447,0.3,24.007898700546455,224.27143597602844,119.0,10717.5765984748,21.0796942525489,0.6649363040924072
128.0,0.0031904191649447,0.2,14.398521933246602,220.13644075393677,120.0,1090.9636446704587,18.62136066394152,0.8794811367988586
128.0,0.0028687567048687,0.5,14.154403271391939,213.98000860214233,121.0,1484.7383064500348,21.565483489415325,0.8835331797599792
128.0,0.0028687567048687,0.4,17.20333729520609,214.67121005058289,122.0,4889.84464426301,20.832257367137313,0.8279540538787842
128.0,0.0028687567048687,0.3,15.048090149031458,209.19268083572388,123.0,3139.362284545451,19.76147781948162,0.8683618307113647
128.0,0.0028687567048687,0.2,12.808115576828268,207.98363161087036,124.0,787.6040108966961,18.81886925395845,0.9046348929405212
128.0,0.0019272351084523,0.5,14.537756367690335,206.55897116661072,125.0,918.5978642341389,20.052232530098212,0.8771390318870544
128.0,0.0019272351084523,0.4,13.633832339805616,204.05761528015137,126.0,860.8637810336777,17.78150850520996,0.8919425010681152
128.0,0.0019272351084523,0.3,24.703048046540253,197.57814621925354,127.0,24227.681469864165,21.94906524448034,0.6452518701553345
128.0,0.0019272351084523,0.2,12.678748650666947,194.14966773986816,128.0,801.565868215315,18.156099793461163,0.9065515995025635
128.0,0.0012574139913228,0.5,13.790390848314,192.51356029510498,129.0,911.854736291293,19.50414067181462,0.8894465565681458
128.0,0.0012574139913228,0.4,22.942552398096485,189.349200963974,130.0,10189.367069037493,21.016836070867427,0.6940132975578308
128.0,0.0012574139913228,0.3,21.398275119979722,186.4257390499115,131.0,5655.461000813695,20.41075024109584,0.7338192462921143
128.0,0.0012574139913228,0.2,15.274620120234301,186.5547685623169,132.0,1713.567714592622,19.013240237902522,0.8643686771392822
128.0,0.0009439185187258,0.5,21.398641353157554,187.86813592910767,133.0,7326.090831133528,22.263001689033445,0.7338101863861084
128.0,0.0009439185187258,0.4,20.11453100750891,187.41200518608093,134.0,4610.489307098058,25.018650755355093,0.7647991180419922
128.0,0.0009439185187258,0.3,23.758492728842235,184.6978669166565,135.0,10940.203290507188,21.29768424270467,0.6718617677688599
128.0,0.0009439185187258,0.2,16.879878505975213,183.2027063369751,136.0,2287.19977862165,21.17339562807507,0.8343628644943237
128.0,0.0008350565386705,0.5,19.613340072163368,183.7555890083313,137.0,4284.128531555889,20.52121461626809,0.7763740420341492
128.0,0.0008350565386705,0.4,20.07886293858463,182.4363305568695,138.0,4510.312303460033,22.57701977084019,0.7656325101852417
128.0,0.0008350565386705,0.3,22.45540652291084,181.58412504196167,139.0,7484.700560087773,24.051940423322065,0.7068695425987244
128.0,0.0008350565386705,0.2,15.463377972435655,182.46336793899536,140.0,1629.4405191751964,19.833076409764562,0.8609958291053772
128.0,0.0006528345899777,0.5,15.082280240867059,180.19456315040588,141.0,1148.015223348557,19.52877761358732,0.8677629828453064
128.0,0.0006528345899777,0.4,13.35243312245779,178.72642517089844,142.0,888.5219963728322,21.017594002518905,0.896356999874115
128.0,0.0006528345899777,0.3,12.750748384053507,180.18608927726746,143.0,771.2815577745448,17.764916594307874,0.9054872393608093
128.0,0.0006528345899777,0.2,14.364793351306497,179.963960647583,144.0,1141.7001094973784,20.64207907214887,0.8800451755523682
128.0,0.0005136917971808,0.5,13.563390312728071,178.77361512184143,145.0,985.9962112677299,18.200417907675398,0.8930562138557434
128.0,0.0005136917971808,0.4,14.430213819424651,179.11362195014954,146.0,1346.2274659291875,20.171690896054045,0.8789500594139099
128.0,0.0005136917971808,0.3,17.290565387278264,180.48521780967712,147.0,2830.8280927925316,22.10099018647859,0.8262048959732056
128.0,0.0005136917971808,0.2,13.951491732698688,179.09670567512512,148.0,1034.5646987695577,23.080498562626296,0.8868484497070312
128.0,0.0004199950750038,0.5,16.864592392482002,179.53780698776245,149.0,2392.4330883611274,25.136392242070997,0.8346627354621887
128.0,0.0004199950750038,0.4,14.203864421966616,180.93824934959412,150.0,1252.1428470738156,20.897592077103585,0.8827177882194519
128.0,0.0004199950750038,0.3,14.17327902192861,178.02613496780396,151.0,1001.9894346094115,19.695174705603083,0.8832223415374756
128.0,0.0004199950750038,0.2,14.702183959930263,175.22264862060547,152.0,1497.2267232103925,20.246085023812576,0.8743441104888916
128.0,0.0003961709752902,0.5,15.984786342958584,172.40451908111572,153.0,3840.2177177264384,23.342774346523097,0.8514636754989624
128.0,0.0003961709752902,0.4,16.422628541497737,175.25689244270325,154.0,2098.0170814254725,23.51310630420021,0.8432149887084961
128.0,0.0003961709752902,0.3,15.225280379557868,171.08252477645874,155.0,1655.606362036954,23.003633404698213,0.8652434945106506
128.0,0.0003961709752902,0.2,14.215394428851889,179.33853101730347,156.0,1164.6013300850752,20.284568161100918,0.8825272917747498
96.0,0.0075294956296533,0.5,12.761711921440678,150.4234869480133,157.0,715.526691093806,25.007876195451097,0.9053246378898621
96.0,0.0075294956296533,0.4,17.834039250010893,150.12080597877502,158.0,1963.859187072632,21.93818679971086,0.8151078224182129
96.0,0.0075294956296533,0.3,23.384123370421218,150.8467378616333,159.0,13179.74363706396,21.585506659771223,0.6821214556694031
96.0,0.0075294956296533,0.2,22.888796938134266,148.09228920936584,160.0,7559.906548558946,24.356361110943865,0.6954455375671387
96.0,0.0044111853261593,0.5,13.385450261740756,148.66618037223816,161.0,945.5776071271239,18.765458605457663,0.8958438038825989
96.0,0.0044111853261593,0.4,13.974637770372151,150.01518511772156,162.0,1295.118496582223,19.691838000371664,0.8864727020263672
96.0,0.0044111853261593,0.3,12.774971961959034,150.4552788734436,163.0,805.9484876310984,17.450741055891996,0.905127763748169
96.0,0.0044111853261593,0.2,14.167265210305036,149.4143409729004,164.0,1083.6876858967664,17.784514446350975,0.8833214044570923
96.0,0.0036328834443756,0.5,14.62652092569245,147.15305852890015,165.0,1152.296492406444,18.361033012051482,0.8756341338157654
96.0,0.0036328834443756,0.4,12.58722471877025,150.6224992275238,166.0,767.7278759754662,17.350376562264188,0.9078958630561829
96.0,0.0036328834443756,0.3,12.996931458680502,149.16270446777344,167.0,844.4245022432999,18.079144745444705,0.9018024206161499
96.0,0.0036328834443756,0.2,12.95653139986319,150.02928566932678,168.0,871.7198726112911,18.05295074830698,0.902411937713623
96.0,0.0031904191649447,0.5,12.752538861903128,149.7957980632782,169.0,860.3632765942618,18.810441302655377,0.9054607152938843
96.0,0.0031904191649447,0.4,12.930230331984125,149.06479334831238,170.0,882.1442609610772,19.953490489829736,0.9028077721595764
96.0,0.0031904191649447,0.3,15.271126055082515,146.91555500030518,171.0,1462.5653020951663,17.896985098141506,0.8644307255744934
96.0,0.0031904191649447,0.2,15.223618354692164,147.59402084350586,172.0,1256.2938531298141,18.965056110564955,0.8652729392051697
96.0,0.0028687567048687,0.5,16.29727773685948,149.8529191017151,173.0,1420.4649741015942,19.859295561448352,0.8455992937088013
96.0,0.0028687567048687,0.4,14.001315292017942,148.32980227470398,174.0,1184.0563254701963,19.920020537662847,0.8860388994216919
96.0,0.0028687567048687,0.3,13.760160497195052,149.70198726654053,175.0,1000.4594109645536,18.477844928847986,0.8899307250976562
96.0,0.0028687567048687,0.2,15.286880767213969,157.03061509132385,176.0,1255.5566927734221,22.182391435546865,0.864150881767273
96.0,0.0019272351084523,0.5,20.23412341994429,158.1298372745514,177.0,10568.286703942993,20.557312520951864,0.7619940042495728
96.0,0.0019272351084523,0.4,12.603886088094814,155.11690711975098,178.0,788.2079204971674,18.789906497864955,0.9076519012451172
96.0,0.0019272351084523,0.3,13.104812301717741,155.99386715888977,179.0,832.8428409336329,17.329032846850808,0.9001654982566833
96.0,0.0019272351084523,0.2,15.529749758898332,155.90491724014282,180.0,2459.9870201155018,18.652295183987892,0.8597999811172485
96.0,0.0012574139913228,0.5,16.429332299899087,156.02262425422668,181.0,1478.4705190840052,17.555160114312702,0.8430870175361633
96.0,0.0012574139913228,0.4,15.348706785173597,156.00780129432678,182.0,1582.735482487339,17.372161752743555,0.8630498051643372
96.0,0.0012574139913228,0.3,13.465198817909085,152.07939314842224,183.0,1032.9437962475263,19.150346579089845,0.8945990204811096
96.0,0.0012574139913228,0.2,13.48598731451755,342.6520493030548,184.0,873.1446119337727,18.980195210861115,0.8942733407020569
96.0,0.0009439185187258,0.5,13.416209403856232,357.9483952522278,185.0,961.7152575958925,20.583562396433187,0.8953645825386047
96.0,0.0009439185187258,0.4,20.442144215211435,354.1087498664856,186.0,4263.779701465833,21.215772059651368,0.7570751309394836
96.0,0.0009439185187258,0.3,13.053701331075812,347.5171229839325,187.0,777.424624228638,18.106456312018246,0.9009426832199097
96.0,0.0009439185187258,0.2,12.82613423714969,333.6496367454529,188.0,799.3948085620682,19.62789059019873,0.9043663740158081
96.0,0.0008350565386705,0.5,13.542468053843221,327.9536154270172,189.0,938.3025808979177,20.328410967354987,0.8933858871459961
96.0,0.0008350565386705,0.4,13.845317345002611,323.0393097400665,190.0,899.2157811862485,21.654481869711283,0.8885641694068909
96.0,0.0008350565386705,0.3,15.678801487635702,318.5569758415222,191.0,1758.5765133416976,21.30216358279668,0.8570958375930786
96.0,0.0008350565386705,0.2,13.94728613064038,299.5418875217438,192.0,1028.378944681244,21.103691402109977,0.8869166970252991
96.0,0.0006528345899777,0.5,15.524615367874913,297.92226457595825,193.0,1230.9633668816186,22.081874650401474,0.859892725944519
96.0,0.0006528345899777,0.4,13.646020103893973,303.23088574409485,194.0,1076.8288467319726,18.90586550367866,0.8917492032051086
96.0,0.0006528345899777,0.3,13.63502876871997,303.2960937023163,195.0,1050.5599230290406,19.10228871256575,0.8919234871864319
96.0,0.0006528345899777,0.2,14.949921132710783,289.7133586406708,196.0,1504.8288410617636,21.516386720489695,0.8700737357139587
96.0,0.0005136917971808,0.5,13.81043412298432,298.7316315174103,197.0,1041.4626804148436,20.361616434063844,0.8891249895095825
96.0,0.0005136917971808,0.4,13.988354057181203,297.6770565509796,198.0,1156.7067904540777,19.331937393850453,0.8862497806549072
96.0,0.0005136917971808,0.3,15.25980650792417,286.85626101493835,199.0,1612.219833753466,22.44641973788129,0.8646316528320312
96.0,0.0005136917971808,0.2,14.27197711329473,283.8292589187622,200.0,1298.7026811857754,20.25053266167385,0.8815902471542358
96.0,0.0004199950750038,0.5,15.693856213331719,284.2764039039612,201.0,1755.7684688238216,25.182020659734,0.8568212985992432
96.0,0.0004199950750038,0.4,16.1944178756367,284.71833062171936,202.0,2209.561908714669,23.629066995384427,0.8475421667098999
96.0,0.0004199950750038,0.3,14.79753640414383,270.6393229961395,203.0,1423.8773274486282,22.340292547446484,0.8727089166641235
96.0,0.0004199950750038,0.2,14.140747244776447,259.04561614990234,204.0,1081.961608453114,20.96055370981123,0.8837578296661377
96.0,0.0003961709752902,0.5,15.802109371981661,256.7482786178589,205.0,6884.87117314253,23.15783560675978,0.8548392653465271
96.0,0.0003961709752902,0.4,16.500930412244657,204.54082989692688,206.0,2182.514839534747,24.372643027405893,0.8417164087295532
96.0,0.0003961709752902,0.3,16.254712179134643,196.7028386592865,207.0,2016.942236470502,24.773923503698203,0.8464047908782959
96.0,0.0003961709752902,0.2,15.29608345643674,208.67674469947815,208.0,1594.9534463934776,21.684026129513718,0.8639872670173645
64.0,0.0075294956296533,0.5,17.29918032003508,173.5830307006836,209.0,3090.638097876378,22.202687895311108,0.8260316848754883
64.0,0.0075294956296533,0.4,15.91952831780948,170.91386604309082,210.0,2006.9827849996618,23.323431551292494,0.8526739478111267
64.0,0.0075294956296533,0.3,28.33350976323489,172.59467339515686,211.0,33397.60175838673,25.34098240782841,0.5333192944526672
64.0,0.0075294956296533,0.2,24.793135723726685,162.22751331329346,212.0,12651.508886107229,24.52734545265053,0.6426596641540527
64.0,0.0044111853261593,0.5,14.23930126184688,157.14042615890503,213.0,1162.7262660750098,21.75522818830551,0.8821318745613098
64.0,0.0044111853261593,0.4,12.876704181680719,154.41188430786133,214.0,894.664866254906,20.09132422513276,0.9036107659339905
64.0,0.0044111853261593,0.3,13.282138082929865,151.85985231399536,215.0,923.4384164117864,24.46083362402625,0.8974454402923584
64.0,0.0044111853261593,0.2,16.1348360393982,154.2588119506836,216.0,1727.492198813602,19.469603492748917,0.8486618995666504
64.0,0.0036328834443756,0.5,13.296778133033744,154.58475947380066,217.0,862.2152578448936,20.088229023004846,0.897219181060791
64.0,0.0036328834443756,0.4,13.360338480711853,149.85554003715515,218.0,981.725243202621,21.170524635476934,0.8962342739105225
64.0,0.0036328834443756,0.3,12.923761466936007,150.63745594024658,219.0,862.2084106468513,21.47496211112287,0.9029049873352051
64.0,0.0036328834443756,0.2,13.760893760281293,152.0686068534851,220.0,1019.3150893198789,19.836606705198882,0.8899189829826355
64.0,0.0031904191649447,0.5,14.372334554937883,151.3740952014923,221.0,1424.599877906196,23.843996456236578,0.879919171333313
64.0,0.0031904191649447,0.4,18.011666503484772,148.34063291549683,222.0,3472.8494798066313,21.295650648142413,0.8114064335823059
64.0,0.0031904191649447,0.3,14.41291038516211,152.9602267742157,223.0,989.1583423247708,21.248185734507615,0.8792401552200317
64.0,0.0031904191649447,0.2,14.580470268969332,152.77334237098694,224.0,1742.955967114435,19.09659549607098,0.876416027545929
64.0,0.0028687567048687,0.5,13.408074267509365,150.6445116996765,225.0,856.8549139872273,19.65023660279918,0.8954914212226868
64.0,0.0028687567048687,0.4,14.477925172379328,148.27377152442932,226.0,1067.4601820466519,22.249966930833867,0.8781482577323914
64.0,0.0028687567048687,0.3,13.388462804518268,149.08813524246216,227.0,908.5788971891429,17.836148029629864,0.8957968950271606
64.0,0.0028687567048687,0.2,16.834851971325172,151.27159571647644,228.0,4495.550111766436,20.110131619136173,0.8352453708648682
64.0,0.0019272351084523,0.5,14.443796274640553,149.714209318161,229.0,1000.8768717278786,18.77180747373563,0.878722071647644
64.0,0.0019272351084523,0.4,13.305491156948115,150.1103711128235,230.0,887.262392691838,21.61894660882829,0.8970844745635986
64.0,0.0019272351084523,0.3,13.16207470194106,150.37488055229187,231.0,897.2382397359937,18.735670862148197,0.8992910981178284
64.0,0.0019272351084523,0.2,21.357735502616954,150.12891674041748,232.0,6425.082952632438,22.566050841147103,0.7348268628120422
64.0,0.0012574139913228,0.5,13.488484164245193,153.53737449645996,233.0,876.7438538050814,18.512138260715343,0.8942341804504395
64.0,0.0012574139913228,0.4,14.613838948236761,149.57903742790222,234.0,1107.0037953502715,24.63526972162707,0.875849723815918
64.0,0.0012574139913228,0.3,14.19773123309735,151.17338871955872,235.0,944.7650809645879,21.233606141554876,0.8828190565109253
64.0,0.0012574139913228,0.2,14.046105102985253,152.72883915901184,236.0,1016.6369245188357,21.06352227682263,0.885308563709259
64.0,0.0009439185187258,0.5,13.661437628817485,151.62722992897034,237.0,911.7508273016501,23.98411031776796,0.8915044665336609
64.0,0.0009439185187258,0.4,13.778362165703443,157.2350971698761,238.0,1048.403108728458,21.032633741695104,0.8896393179893494
64.0,0.0009439185187258,0.3,13.460261048700975,162.55858635902405,239.0,1022.1817060139866,18.51143829048475,0.8946763277053833
64.0,0.0009439185187258,0.2,13.462141252210147,155.13267421722412,240.0,989.9925499880932,20.220400681505595,0.8946468830108643
64.0,0.0008350565386705,0.5,13.58905410665373,153.66467094421387,241.0,1079.3051801025151,19.949289385359986,0.8926510810852051
64.0,0.0008350565386705,0.4,13.852912011495427,152.25244045257568,242.0,930.6574329537003,21.71276933177466,0.8884418606758118
64.0,0.0008350565386705,0.3,14.009782458661457,155.55229997634888,243.0,1170.4136623460895,22.739555692977326,0.8859009742736816
64.0,0.0008350565386705,0.2,13.265424786260859,155.36367082595825,244.0,874.8904759620984,19.48845133784627,0.8977033495903015
64.0,0.0006528345899777,0.5,13.789818182446949,151.7987344264984,245.0,1052.2183509375777,20.684091109035066,0.8894557356834412
64.0,0.0006528345899777,0.4,13.583541818234698,153.43326902389526,246.0,932.244713358656,21.713034095166723,0.8927382230758667
64.0,0.0006528345899777,0.3,13.148428243195704,152.44810891151428,247.0,908.2648720276311,19.21951026097604,0.8994998335838318
64.0,0.0006528345899777,0.2,14.295594366136678,152.40392684936523,248.0,1346.255072597109,19.933387582255072,0.8811980485916138
64.0,0.0005136917971808,0.5,15.15816477737715,153.77843976020813,249.0,1552.7834737538424,24.479360591123154,0.8664289712905884
64.0,0.0005136917971808,0.4,15.35694468604162,153.5040032863617,250.0,1658.7954827813794,22.475936748594798,0.8629027605056763
64.0,0.0005136917971808,0.3,14.421207540698632,154.65447974205017,251.0,1260.8204084372487,21.074717262949573,0.8791010975837708
64.0,0.0005136917971808,0.2,16.58612209323187,158.5691635608673,252.0,2098.2604075921545,25.441140868117884,0.840077817440033
64.0,0.0004199950750038,0.5,15.242366457077932,151.00457620620728,253.0,1431.0532381811377,25.46536707670773,0.864940881729126
64.0,0.0004199950750038,0.4,16.040283990818768,152.02466106414795,254.0,1871.6255552680311,24.302758800731358,0.850430428981781
64.0,0.0004199950750038,0.3,16.442012165403487,154.97600317001343,255.0,1972.3432153747422,24.85406378028402,0.8428447246551514
64.0,0.0004199950750038,0.2,15.00101366885692,152.94996881484985,256.0,1402.3775567757639,22.29803312949311,0.8691841959953308
64.0,0.0003961709752902,0.5,16.58813761840124,152.79174876213074,257.0,2036.3545022196968,26.354971623036523,0.8400388956069946
64.0,0.0003961709752902,0.4,15.374524330931097,154.26777362823486,258.0,1567.191983114376,23.363563104702553,0.8625887036323547
64.0,0.0003961709752902,0.3,16.61251975511961,151.67117285728455,259.0,3130.216587934814,24.153283285659395,0.8395683169364929
64.0,0.0003961709752902,0.2,15.886637501257123,152.79525065422058,260.0,1704.1905359196908,23.01149622051845,0.85328209400177
